<?xml version="1.0" encoding="utf-8"?><demos><!--This is an autogenerated file, please do not modify-->
   <name>Climate Data Toolbox for MATLAB</name>
   <type>toolbox</type>
   <icon>HelpIcon.DEMOS</icon>
   <website/>
   <description>This toolbox contains a standard set of Matlab functions for analyzing and displaying climate data. The functions are computationally efficient, easy to use, and come with many tutorials that describe not only how to use CDT functions, but also offer guidance on how to interpret the results in the context of Earth science processes.

CDT logo illustration by Adam S. Nelsen (http://www.adamnelsen.com)</description>
   <demosection>
      <label>doc</label>
      <demoitem>
         <label>C2xyz_documentation</label>
         <type>other</type>
         <source>C2xyz_documentation</source>
         <file>doc/html/C2xyz_documentation.html</file>
      </demoitem>
      <demoitem>
         <label>CDT_Contents</label>
         <type>other</type>
         <source>CDT_Contents</source>
         <file>doc/html/CDT_Contents.html</file>
      </demoitem>
      <demoitem>
         <label>CDT_Getting_Started</label>
         <type>other</type>
         <source>CDT_Getting_Started</source>
         <file>doc/html/CDT_Getting_Started.html</file>
      </demoitem>
      <demoitem>
         <label>air_density_documentation</label>
         <type>other</type>
         <source>air_density_documentation</source>
         <file>doc/html/air_density_documentation.html</file>
      </demoitem>
      <demoitem>
         <label>air_pressure_documentation</label>
         <type>other</type>
         <source>air_pressure_documentation</source>
         <file>doc/html/air_pressure_documentation.html</file>
      </demoitem>
      <demoitem>
         <label>amo_documentation</label>
         <type>other</type>
         <source>amo_documentation</source>
         <file>doc/html/amo_documentation.html</file>
      </demoitem>
      <demoitem>
         <label>anomaly_documentation</label>
         <type>other</type>
         <source>anomaly_documentation</source>
         <file>doc/html/anomaly_documentation.html</file>
      </demoitem>
      <demoitem>
         <label>binind2latlon_documentation</label>
         <type>other</type>
         <source>binind2latlon_documentation</source>
         <file>doc/html/binind2latlon_documentation.html</file>
      </demoitem>
      <demoitem>
         <label>borders_documentation</label>
         <type>other</type>
         <source>borders_documentation</source>
         <file>doc/html/borders_documentation.html</file>
      </demoitem>
      <demoitem>
         <label>bordersm_documentation</label>
         <type>other</type>
         <source>bordersm_documentation</source>
         <file>doc/html/bordersm_documentation.html</file>
      </demoitem>
      <demoitem>
         <label>bottom_documentation</label>
         <type>other</type>
         <source>bottom_documentation</source>
         <file>doc/html/bottom_documentation.html</file>
      </demoitem>
      <demoitem>
         <label>boundedline_documentation</label>
         <type>other</type>
         <source>boundedline_documentation</source>
         <file>doc/html/boundedline_documentation.html</file>
      </demoitem>
      <demoitem>
         <label>cbarrow_documentation</label>
         <type>other</type>
         <source>cbarrow_documentation</source>
         <file>doc/html/cbarrow_documentation.html</file>
      </demoitem>
      <demoitem>
         <label>cbdate_documentation</label>
         <type>other</type>
         <source>cbdate_documentation</source>
         <file>doc/html/cbdate_documentation.html</file>
      </demoitem>
      <demoitem>
         <label>cdtarea_documentation</label>
         <type>other</type>
         <source>cdtarea_documentation</source>
         <file>doc/html/cdtarea_documentation.html</file>
      </demoitem>
      <demoitem>
         <label>cdtcurl_documentation</label>
         <type>other</type>
         <source>cdtcurl_documentation</source>
         <file>doc/html/cdtcurl_documentation.html</file>
      </demoitem>
      <demoitem>
         <label>cdtdim_documentation</label>
         <type>other</type>
         <source>cdtdim_documentation</source>
         <file>doc/html/cdtdim_documentation.html</file>
      </demoitem>
      <demoitem>
         <label>cdtdivergence_documentation</label>
         <type>other</type>
         <source>cdtdivergence_documentation</source>
         <file>doc/html/cdtdivergence_documentation.html</file>
      </demoitem>
      <demoitem>
         <label>cdtgradient_documentation</label>
         <type>other</type>
         <source>cdtgradient_documentation</source>
         <file>doc/html/cdtgradient_documentation.html</file>
      </demoitem>
      <demoitem>
         <label>cdtgrid_documentation</label>
         <type>other</type>
         <source>cdtgrid_documentation</source>
         <file>doc/html/cdtgrid_documentation.html</file>
      </demoitem>
      <demoitem>
         <label>cell2nancat_documentation</label>
         <type>other</type>
         <source>cell2nancat_documentation</source>
         <file>doc/html/cell2nancat_documentation.html</file>
      </demoitem>
      <demoitem>
         <label>citing_cdt</label>
         <type>other</type>
         <source>citing_cdt</source>
         <file>doc/html/citing_cdt.html</file>
      </demoitem>
      <demoitem>
         <label>climatology_documentation</label>
         <type>other</type>
         <source>climatology_documentation</source>
         <file>doc/html/climatology_documentation.html</file>
      </demoitem>
      <demoitem>
         <label>cmocean_documentation</label>
         <type>other</type>
         <source>cmocean_documentation</source>
         <file>doc/html/cmocean_documentation.html</file>
      </demoitem>
      <demoitem>
         <label>coriolisf_documentation</label>
         <type>other</type>
         <source>coriolisf_documentation</source>
         <file>doc/html/coriolisf_documentation.html</file>
      </demoitem>
      <demoitem>
         <label>corr3_documentation</label>
         <type>other</type>
         <source>corr3_documentation</source>
         <file>doc/html/corr3_documentation.html</file>
      </demoitem>
      <demoitem>
         <label>cube2rect_documentation</label>
         <type>other</type>
         <source>cube2rect_documentation</source>
         <file>doc/html/cube2rect_documentation.html</file>
      </demoitem>
      <demoitem>
         <label>daily_insolation_documentation</label>
         <type>other</type>
         <source>daily_insolation_documentation</source>
         <file>doc/html/daily_insolation_documentation.html</file>
      </demoitem>
      <demoitem>
         <label>deseason_documentation</label>
         <type>other</type>
         <source>deseason_documentation</source>
         <file>doc/html/deseason_documentation.html</file>
      </demoitem>
      <demoitem>
         <label>detrend3_documentation</label>
         <type>other</type>
         <source>detrend3_documentation</source>
         <file>doc/html/detrend3_documentation.html</file>
      </demoitem>
      <demoitem>
         <label>dist2coast_documentation</label>
         <type>other</type>
         <source>dist2coast_documentation</source>
         <file>doc/html/dist2coast_documentation.html</file>
      </demoitem>
      <demoitem>
         <label>doy_documentation</label>
         <type>other</type>
         <source>doy_documentation</source>
         <file>doc/html/doy_documentation.html</file>
      </demoitem>
      <demoitem>
         <label>earth_radius_documentation</label>
         <type>other</type>
         <source>earth_radius_documentation</source>
         <file>doc/html/earth_radius_documentation.html</file>
      </demoitem>
      <demoitem>
         <label>earthimage_documentation</label>
         <type>other</type>
         <source>earthimage_documentation</source>
         <file>doc/html/earthimage_documentation.html</file>
      </demoitem>
      <demoitem>
         <label>ekman_documentation</label>
         <type>other</type>
         <source>ekman_documentation</source>
         <file>doc/html/ekman_documentation.html</file>
      </demoitem>
      <demoitem>
         <label>ensemble2bnd_documentation</label>
         <type>other</type>
         <source>ensemble2bnd_documentation</source>
         <file>doc/html/ensemble2bnd_documentation.html</file>
      </demoitem>
      <demoitem>
         <label>enso_documentation</label>
         <type>other</type>
         <source>enso_documentation</source>
         <file>doc/html/enso_documentation.html</file>
      </demoitem>
      <demoitem>
         <label>eof_documentation</label>
         <type>other</type>
         <source>eof_documentation</source>
         <file>doc/html/eof_documentation.html</file>
      </demoitem>
      <demoitem>
         <label>expand3_documentation</label>
         <type>other</type>
         <source>expand3_documentation</source>
         <file>doc/html/expand3_documentation.html</file>
      </demoitem>
      <demoitem>
         <label>filt1_documentation</label>
         <type>other</type>
         <source>filt1_documentation</source>
         <file>doc/html/filt1_documentation.html</file>
      </demoitem>
      <demoitem>
         <label>filt2_documentation</label>
         <type>other</type>
         <source>filt2_documentation</source>
         <file>doc/html/filt2_documentation.html</file>
      </demoitem>
      <demoitem>
         <label>geomask_documentation</label>
         <type>other</type>
         <source>geomask_documentation</source>
         <file>doc/html/geomask_documentation.html</file>
      </demoitem>
      <demoitem>
         <label>gif_documentation</label>
         <type>other</type>
         <source>gif_documentation</source>
         <file>doc/html/gif_documentation.html</file>
      </demoitem>
      <demoitem>
         <label>globeborders_documentation</label>
         <type>other</type>
         <source>globeborders_documentation</source>
         <file>doc/html/globeborders_documentation.html</file>
      </demoitem>
      <demoitem>
         <label>globecontour_documentation</label>
         <type>other</type>
         <source>globecontour_documentation</source>
         <file>doc/html/globecontour_documentation.html</file>
      </demoitem>
      <demoitem>
         <label>globefill_documentation</label>
         <type>other</type>
         <source>globefill_documentation</source>
         <file>doc/html/globefill_documentation.html</file>
      </demoitem>
      <demoitem>
         <label>globegraticule_documentation</label>
         <type>other</type>
         <source>globegraticule_documentation</source>
         <file>doc/html/globegraticule_documentation.html</file>
      </demoitem>
      <demoitem>
         <label>globeimage_documentation</label>
         <type>other</type>
         <source>globeimage_documentation</source>
         <file>doc/html/globeimage_documentation.html</file>
      </demoitem>
      <demoitem>
         <label>globepcolor_documentation</label>
         <type>other</type>
         <source>globepcolor_documentation</source>
         <file>doc/html/globepcolor_documentation.html</file>
      </demoitem>
      <demoitem>
         <label>globeplot_documentation</label>
         <type>other</type>
         <source>globeplot_documentation</source>
         <file>doc/html/globeplot_documentation.html</file>
      </demoitem>
      <demoitem>
         <label>globequiver_documentation</label>
         <type>other</type>
         <source>globequiver_documentation</source>
         <file>doc/html/globequiver_documentation.html</file>
      </demoitem>
      <demoitem>
         <label>globescatter_documentation</label>
         <type>other</type>
         <source>globescatter_documentation</source>
         <file>doc/html/globescatter_documentation.html</file>
      </demoitem>
      <demoitem>
         <label>globestipple_documentation</label>
         <type>other</type>
         <source>globestipple_documentation</source>
         <file>doc/html/globestipple_documentation.html</file>
      </demoitem>
      <demoitem>
         <label>globesurf_documentation</label>
         <type>other</type>
         <source>globesurf_documentation</source>
         <file>doc/html/globesurf_documentation.html</file>
      </demoitem>
      <demoitem>
         <label>h5struct_documentation</label>
         <type>other</type>
         <source>h5struct_documentation</source>
         <file>doc/html/h5struct_documentation.html</file>
      </demoitem>
      <demoitem>
         <label>hfill_documentation</label>
         <type>other</type>
         <source>hfill_documentation</source>
         <file>doc/html/hfill_documentation.html</file>
      </demoitem>
      <demoitem>
         <label>hline_documentation</label>
         <type>other</type>
         <source>hline_documentation</source>
         <file>doc/html/hline_documentation.html</file>
      </demoitem>
      <demoitem>
         <label>imagescn_documentation</label>
         <type>other</type>
         <source>imagescn_documentation</source>
         <file>doc/html/imagescn_documentation.html</file>
      </demoitem>
      <demoitem>
         <label>island_documentation</label>
         <type>other</type>
         <source>island_documentation</source>
         <file>doc/html/island_documentation.html</file>
      </demoitem>
      <demoitem>
         <label>labelborders_documentation</label>
         <type>other</type>
         <source>labelborders_documentation</source>
         <file>doc/html/labelborders_documentation.html</file>
      </demoitem>
      <demoitem>
         <label>labelbordersm_documentation</label>
         <type>other</type>
         <source>labelbordersm_documentation</source>
         <file>doc/html/labelbordersm_documentation.html</file>
      </demoitem>
      <demoitem>
         <label>local_documentation</label>
         <type>other</type>
         <source>local_documentation</source>
         <file>doc/html/local_documentation.html</file>
      </demoitem>
      <demoitem>
         <label>mann_kendall_documentation</label>
         <type>other</type>
         <source>mann_kendall_documentation</source>
         <file>doc/html/mann_kendall_documentation.html</file>
      </demoitem>
      <demoitem>
         <label>mask3_documentation</label>
         <type>other</type>
         <source>mask3_documentation</source>
         <file>doc/html/mask3_documentation.html</file>
      </demoitem>
      <demoitem>
         <label>mld_documentation</label>
         <type>other</type>
         <source>mld_documentation</source>
         <file>doc/html/mld_documentation.html</file>
      </demoitem>
      <demoitem>
         <label>monthly_documentation</label>
         <type>other</type>
         <source>monthly_documentation</source>
         <file>doc/html/monthly_documentation.html</file>
      </demoitem>
      <demoitem>
         <label>nao_documentation</label>
         <type>other</type>
         <source>nao_documentation</source>
         <file>doc/html/nao_documentation.html</file>
      </demoitem>
      <demoitem>
         <label>ncdatelim_documentation</label>
         <type>other</type>
         <source>ncdatelim_documentation</source>
         <file>doc/html/ncdatelim_documentation.html</file>
      </demoitem>
      <demoitem>
         <label>ncdateread_documentation</label>
         <type>other</type>
         <source>ncdateread_documentation</source>
         <file>doc/html/ncdateread_documentation.html</file>
      </demoitem>
      <demoitem>
         <label>ncstruct_documentation</label>
         <type>other</type>
         <source>ncstruct_documentation</source>
         <file>doc/html/ncstruct_documentation.html</file>
      </demoitem>
      <demoitem>
         <label>near1_documentation</label>
         <type>other</type>
         <source>near1_documentation</source>
         <file>doc/html/near1_documentation.html</file>
      </demoitem>
      <demoitem>
         <label>near2_documentation</label>
         <type>other</type>
         <source>near2_documentation</source>
         <file>doc/html/near2_documentation.html</file>
      </demoitem>
      <demoitem>
         <label>newcolorbar_documentation</label>
         <type>other</type>
         <source>newcolorbar_documentation</source>
         <file>doc/html/newcolorbar_documentation.html</file>
      </demoitem>
      <demoitem>
         <label>ntitle_documentation</label>
         <type>other</type>
         <source>ntitle_documentation</source>
         <file>doc/html/ntitle_documentation.html</file>
      </demoitem>
      <demoitem>
         <label>patchsc_documentation</label>
         <type>other</type>
         <source>patchsc_documentation</source>
         <file>doc/html/patchsc_documentation.html</file>
      </demoitem>
      <demoitem>
         <label>pet_documentation</label>
         <type>other</type>
         <source>pet_documentation</source>
         <file>doc/html/pet_documentation.html</file>
      </demoitem>
      <demoitem>
         <label>plotpsd_documentation</label>
         <type>other</type>
         <source>plotpsd_documentation</source>
         <file>doc/html/plotpsd_documentation.html</file>
      </demoitem>
      <demoitem>
         <label>polyfitw_documentation</label>
         <type>other</type>
         <source>polyfitw_documentation</source>
         <file>doc/html/polyfitw_documentation.html</file>
      </demoitem>
      <demoitem>
         <label>polyplot_documentation</label>
         <type>other</type>
         <source>polyplot_documentation</source>
         <file>doc/html/polyplot_documentation.html</file>
      </demoitem>
      <demoitem>
         <label>quiversc_documentation</label>
         <type>other</type>
         <source>quiversc_documentation</source>
         <file>doc/html/quiversc_documentation.html</file>
      </demoitem>
      <demoitem>
         <label>recenter_documentation</label>
         <type>other</type>
         <source>recenter_documentation</source>
         <file>doc/html/recenter_documentation.html</file>
      </demoitem>
      <demoitem>
         <label>rect2cube_documentation</label>
         <type>other</type>
         <source>rect2cube_documentation</source>
         <file>doc/html/rect2cube_documentation.html</file>
      </demoitem>
      <demoitem>
         <label>reof_documentation</label>
         <type>other</type>
         <source>reof_documentation</source>
         <file>doc/html/reof_documentation.html</file>
      </demoitem>
      <demoitem>
         <label>reshapetimeseries_documentation</label>
         <type>other</type>
         <source>reshapetimeseries_documentation</source>
         <file>doc/html/reshapetimeseries_documentation.html</file>
      </demoitem>
      <demoitem>
         <label>rgb_documentation</label>
         <type>other</type>
         <source>rgb_documentation</source>
         <file>doc/html/rgb_documentation.html</file>
      </demoitem>
      <demoitem>
         <label>rossby_radius_documentation</label>
         <type>other</type>
         <source>rossby_radius_documentation</source>
         <file>doc/html/rossby_radius_documentation.html</file>
      </demoitem>
      <demoitem>
         <label>sam_documentation</label>
         <type>other</type>
         <source>sam_documentation</source>
         <file>doc/html/sam_documentation.html</file>
      </demoitem>
      <demoitem>
         <label>scatstat1_documentation</label>
         <type>other</type>
         <source>scatstat1_documentation</source>
         <file>doc/html/scatstat1_documentation.html</file>
      </demoitem>
      <demoitem>
         <label>scatstat2_documentation</label>
         <type>other</type>
         <source>scatstat2_documentation</source>
         <file>doc/html/scatstat2_documentation.html</file>
      </demoitem>
      <demoitem>
         <label>season_documentation</label>
         <type>other</type>
         <source>season_documentation</source>
         <file>doc/html/season_documentation.html</file>
      </demoitem>
      <demoitem>
         <label>shadem_documentation</label>
         <type>other</type>
         <source>shadem_documentation</source>
         <file>doc/html/shadem_documentation.html</file>
      </demoitem>
      <demoitem>
         <label>sinefit_bootstrap_documentation</label>
         <type>other</type>
         <source>sinefit_bootstrap_documentation</source>
         <file>doc/html/sinefit_bootstrap_documentation.html</file>
      </demoitem>
      <demoitem>
         <label>sinefit_documentation</label>
         <type>other</type>
         <source>sinefit_documentation</source>
         <file>doc/html/sinefit_documentation.html</file>
      </demoitem>
      <demoitem>
         <label>sineval_documentation</label>
         <type>other</type>
         <source>sineval_documentation</source>
         <file>doc/html/sineval_documentation.html</file>
      </demoitem>
      <demoitem>
         <label>solar_radiation_documentation</label>
         <type>other</type>
         <source>solar_radiation_documentation</source>
         <file>doc/html/solar_radiation_documentation.html</file>
      </demoitem>
      <demoitem>
         <label>spei_documentation</label>
         <type>other</type>
         <source>spei_documentation</source>
         <file>doc/html/spei_documentation.html</file>
      </demoitem>
      <demoitem>
         <label>spiralplot_documentation</label>
         <type>other</type>
         <source>spiralplot_documentation</source>
         <file>doc/html/spiralplot_documentation.html</file>
      </demoitem>
      <demoitem>
         <label>standardize_documentation</label>
         <type>other</type>
         <source>standardize_documentation</source>
         <file>doc/html/standardize_documentation.html</file>
      </demoitem>
      <demoitem>
         <label>stipple_documentation</label>
         <type>other</type>
         <source>stipple_documentation</source>
         <file>doc/html/stipple_documentation.html</file>
      </demoitem>
      <demoitem>
         <label>stipplem_documentation</label>
         <type>other</type>
         <source>stipplem_documentation</source>
         <file>doc/html/stipplem_documentation.html</file>
      </demoitem>
      <demoitem>
         <label>subsubplot_documentation</label>
         <type>other</type>
         <source>subsubplot_documentation</source>
         <file>doc/html/subsubplot_documentation.html</file>
      </demoitem>
      <demoitem>
         <label>sun_angle_documentation</label>
         <type>other</type>
         <source>sun_angle_documentation</source>
         <file>doc/html/sun_angle_documentation.html</file>
      </demoitem>
      <demoitem>
         <label>tile_documentation</label>
         <type>other</type>
         <source>tile_documentation</source>
         <file>doc/html/tile_documentation.html</file>
      </demoitem>
      <demoitem>
         <label>topo_interp_documentation</label>
         <type>other</type>
         <source>topo_interp_documentation</source>
         <file>doc/html/topo_interp_documentation.html</file>
      </demoitem>
      <demoitem>
         <label>transect_documentation</label>
         <type>other</type>
         <source>transect_documentation</source>
         <file>doc/html/transect_documentation.html</file>
      </demoitem>
      <demoitem>
         <label>transectc_documentation</label>
         <type>other</type>
         <source>transectc_documentation</source>
         <file>doc/html/transectc_documentation.html</file>
      </demoitem>
      <demoitem>
         <label>trend_documentation</label>
         <type>other</type>
         <source>trend_documentation</source>
         <file>doc/html/trend_documentation.html</file>
      </demoitem>
      <demoitem>
         <label>ts_normstrap_documentation</label>
         <type>other</type>
         <source>ts_normstrap_documentation</source>
         <file>doc/html/ts_normstrap_documentation.html</file>
      </demoitem>
      <demoitem>
         <label>tutorial_dates_and_times</label>
         <type>other</type>
         <source>tutorial_dates_and_times</source>
         <file>doc/html/tutorial_dates_and_times.html</file>
      </demoitem>
      <demoitem>
         <label>tutorial_mapping</label>
         <type>other</type>
         <source>tutorial_mapping</source>
         <file>doc/html/tutorial_mapping.html</file>
      </demoitem>
      <demoitem>
         <label>tutorial_netcdf</label>
         <type>other</type>
         <source>tutorial_netcdf</source>
         <file>doc/html/tutorial_netcdf.html</file>
      </demoitem>
      <demoitem>
         <label>tutorial_trends</label>
         <type>other</type>
         <source>tutorial_trends</source>
         <file>doc/html/tutorial_trends.html</file>
      </demoitem>
      <demoitem>
         <label>vfill_documentation</label>
         <type>other</type>
         <source>vfill_documentation</source>
         <file>doc/html/vfill_documentation.html</file>
      </demoitem>
      <demoitem>
         <label>vline_documentation</label>
         <type>other</type>
         <source>vline_documentation</source>
         <file>doc/html/vline_documentation.html</file>
      </demoitem>
      <demoitem>
         <label>windstress_documentation</label>
         <type>other</type>
         <source>windstress_documentation</source>
         <file>doc/html/windstress_documentation.html</file>
      </demoitem>
      <demoitem>
         <label>wmean_documentation</label>
         <type>other</type>
         <source>wmean_documentation</source>
         <file>doc/html/wmean_documentation.html</file>
      </demoitem>
      <demoitem>
         <label>xcorr3_documentation</label>
         <type>other</type>
         <source>xcorr3_documentation</source>
         <file>doc/html/xcorr3_documentation.html</file>
      </demoitem>
      <demoitem>
         <label>xcov3_documentation</label>
         <type>other</type>
         <source>xcov3_documentation</source>
         <file>doc/html/xcov3_documentation.html</file>
      </demoitem>
      <demoitem>
         <label>xyz2grid_documentation</label>
         <type>other</type>
         <source>xyz2grid_documentation</source>
         <file>doc/html/xyz2grid_documentation.html</file>
      </demoitem>
      <demoitem>
         <label>xyzread_documentation</label>
         <type>other</type>
         <source>xyzread_documentation</source>
         <file>doc/html/xyzread_documentation.html</file>
      </demoitem>
   </demosection>
</demos>